{"stats":{"minecraft:killed":{"minecraft:sheep":1,"minecraft:skeleton":1},"minecraft:picked_up":{"minecraft:raw_iron":17,"minecraft:spruce_sapling":1,"minecraft:spruce_log":16,"minecraft:bone":2,"minecraft:arrow":1,"minecraft:mutton":2,"minecraft:coal":22,"minecraft:white_wool":1,"minecraft:cobblestone":26},"minecraft:mined":{"minecraft:iron_ore":17,"minecraft:spruce_log":16,"minecraft:coal_ore":22,"minecraft:cobblestone":2,"minecraft:spruce_leaves":1,"minecraft:stone":19},"minecraft:used":{"minecraft:cooked_mutton":2,"minecraft:stone_pickaxe":54,"minecraft:wooden_pickaxe":6,"minecraft:stone_axe":14,"minecraft:torch":30,"minecraft:cobblestone":9,"minecraft:crafting_table":1,"minecraft:furnace":1,"minecraft:spruce_log":2},"minecraft:custom":{"minecraft:time_since_rest":13250,"minecraft:interact_with_furnace":4,"minecraft:sprint_one_cm":30885,"minecraft:damage_taken":137,"minecraft:walk_one_cm":24651,"minecraft:mob_kills":2,"minecraft:damage_dealt":320,"minecraft:interact_with_crafting_table":5,"minecraft:fly_one_cm":25085,"minecraft:crouch_one_cm":428,"minecraft:play_time":13250,"minecraft:sneak_time":184,"minecraft:jump":214,"minecraft:leave_game":2,"minecraft:time_since_death":13250,"minecraft:total_world_time":13250,"minecraft:fall_one_cm":4192},"minecraft:crafted":{"minecraft:shield":1,"minecraft:crafting_table":1,"minecraft:spruce_planks":56,"minecraft:stick":24,"minecraft:iron_ingot":12,"minecraft:wooden_pickaxe":1,"minecraft:stone_pickaxe":1,"minecraft:wooden_axe":1,"minecraft:furnace":1,"minecraft:torch":60,"minecraft:stone_axe":1,"minecraft:cooked_mutton":2}},"DataVersion":3839}