{"stats":{"minecraft:custom":{"minecraft:time_since_rest":1095,"minecraft:interact_with_furnace":5,"minecraft:sprint_one_cm":205909,"minecraft:damage_taken":369,"minecraft:walk_one_cm":56965,"minecraft:mob_kills":8,"minecraft:damage_dealt":886,"minecraft:talked_to_villager":1,"minecraft:swim_one_cm":23497,"minecraft:interact_with_crafting_table":8,"minecraft:fly_one_cm":446601,"minecraft:open_chest":10,"minecraft:crouch_one_cm":2578,"minecraft:play_time":42874,"minecraft:sneak_time":583,"minecraft:walk_under_water_one_cm":2328,"minecraft:jump":1784,"minecraft:walk_on_water_one_cm":2151,"minecraft:leave_game":2,"minecraft:time_since_death":42874,"minecraft:sleep_in_bed":3,"minecraft:total_world_time":42874,"minecraft:fall_one_cm":47942},"minecraft:used":{"minecraft:cooked_mutton":2,"minecraft:wooden_axe":4,"minecraft:bread":12,"minecraft:stone_pickaxe":57,"minecraft:spruce_planks":23,"minecraft:wooden_pickaxe":6,"minecraft:stone_axe":23,"minecraft:torch":34,"minecraft:dirt":2,"minecraft:cobblestone":9,"minecraft:sweet_berries":7,"minecraft:crafting_table":2,"minecraft:furnace":1,"minecraft:white_bed":3,"minecraft:spruce_log":2},"minecraft:mined":{"minecraft:large_fern":1,"minecraft:white_bed":3,"minecraft:furnace":1,"minecraft:iron_ore":18,"minecraft:fire":8,"minecraft:sweet_berry_bush":15,"minecraft:spruce_log":16,"minecraft:torch":2,"minecraft:crafting_table":2,"minecraft:short_grass":9,"minecraft:grass_block":2,"minecraft:coal_ore":22,"minecraft:cobblestone":3,"minecraft:spruce_leaves":10,"minecraft:stone":19,"minecraft:sugar_cane":3,"minecraft:wall_torch":2,"minecraft:fern":4},"minecraft:crafted":{"minecraft:iron_chestplate":1,"minecraft:shield":1,"minecraft:crafting_table":1,"minecraft:spruce_planks":56,"minecraft:stick":28,"minecraft:wooden_pickaxe":1,"minecraft:iron_ingot":12,"minecraft:iron_pickaxe":1,"minecraft:stone_pickaxe":1,"minecraft:wooden_axe":1,"minecraft:furnace":1,"minecraft:white_bed":1,"minecraft:torch":60,"minecraft:stone_axe":1,"minecraft:cooked_mutton":2},"minecraft:picked_up":{"minecraft:crafting_table":2,"minecraft:raw_iron":18,"minecraft:lilac":4,"minecraft:sweet_berries":36,"minecraft:torch":4,"minecraft:porkchop":5,"minecraft:spruce_sapling":2,"minecraft:white_bed":3,"minecraft:spruce_log":16,"minecraft:dirt":2,"minecraft:bone":2,"minecraft:arrow":1,"minecraft:wheat_seeds":1,"minecraft:sugar_cane":4,"minecraft:mutton":5,"minecraft:coal":27,"minecraft:white_wool":3,"minecraft:cobblestone":27,"minecraft:furnace":1},"minecraft:killed":{"minecraft:sheep":3,"minecraft:skeleton":1,"minecraft:pig":4}},"DataVersion":3839}