{"stats":{"minecraft:dropped":{"minecraft:oak_slab":1,"minecraft:lilac":8,"minecraft:oak_fence":1,"minecraft:white_wool":1},"minecraft:used":{"minecraft:cooked_mutton":2,"minecraft:stone_pickaxe":57,"minecraft:stone_shovel":211,"minecraft:chest":4,"minecraft:spruce_planks":23,"minecraft:wooden_pickaxe":6,"minecraft:torch":34,"minecraft:dirt":7,"minecraft:crafting_table":3,"minecraft:white_bed":3,"minecraft:spruce_log":2,"minecraft:wooden_axe":4,"minecraft:bread":15,"minecraft:stone_axe":69,"minecraft:cobblestone":9,"minecraft:sweet_berries":7,"minecraft:furnace":1},"minecraft:killed":{"minecraft:pig":4,"minecraft:sheep":3,"minecraft:skeleton":1},"minecraft:custom":{"minecraft:interact_with_furnace":5,"minecraft:mob_kills":8,"minecraft:interact_with_crafting_table":13,"minecraft:bell_ring":37,"minecraft:leave_game":3,"minecraft:time_since_death":56593,"minecraft:sleep_in_bed":4,"minecraft:time_since_rest":4442,"minecraft:sprint_one_cm":232636,"minecraft:damage_taken":439,"minecraft:walk_one_cm":92453,"minecraft:drop":8,"minecraft:damage_dealt":886,"minecraft:swim_one_cm":23497,"minecraft:talked_to_villager":1,"minecraft:fly_one_cm":486820,"minecraft:open_chest":16,"minecraft:crouch_one_cm":9680,"minecraft:play_time":56593,"minecraft:sneak_time":1921,"minecraft:walk_under_water_one_cm":2328,"minecraft:jump":1996,"minecraft:walk_on_water_one_cm":2151,"minecraft:total_world_time":56593,"minecraft:fall_one_cm":55695},"minecraft:broken":{"minecraft:stone_shovel":1},"minecraft:mined":{"minecraft:oak_slab":12,"minecraft:white_bed":6,"minecraft:oak_fence":24,"minecraft:crafting_table":2,"minecraft:torch":2,"minecraft:short_grass":11,"minecraft:grass_block":40,"minecraft:cobblestone":3,"minecraft:spruce_leaves":10,"minecraft:sugar_cane":3,"minecraft:oak_planks":8,"minecraft:wall_torch":2,"minecraft:large_fern":1,"minecraft:furnace":1,"minecraft:yellow_wool":3,"minecraft:iron_ore":18,"minecraft:fire":8,"minecraft:sweet_berry_bush":15,"minecraft:spruce_log":16,"minecraft:yellow_bed":1,"minecraft:coal_ore":22,"minecraft:dirt_path":45,"minecraft:dirt":130,"minecraft:stone":19,"minecraft:white_wool":3,"minecraft:fern":4},"minecraft:picked_up":{"minecraft:crafting_table":2,"minecraft:lilac":11,"minecraft:yellow_wool":3,"minecraft:yellow_bed":1,"minecraft:dirt":215,"minecraft:bone":2,"minecraft:wheat_seeds":2,"minecraft:sugar_cane":4,"minecraft:oak_planks":8,"minecraft:furnace":1,"minecraft:oak_slab":12,"minecraft:raw_iron":18,"minecraft:sweet_berries":36,"minecraft:oak_fence":25,"minecraft:torch":8,"minecraft:porkchop":5,"minecraft:spruce_sapling":2,"minecraft:white_bed":6,"minecraft:spruce_log":16,"minecraft:arrow":1,"minecraft:mutton":5,"minecraft:coal":27,"minecraft:white_wool":7,"minecraft:cobblestone":27},"minecraft:crafted":{"minecraft:stone_shovel":3,"minecraft:crafting_table":1,"minecraft:spruce_planks":108,"minecraft:wooden_pickaxe":1,"minecraft:furnace":1,"minecraft:stone_axe":1,"minecraft:cooked_mutton":2,"minecraft:iron_chestplate":1,"minecraft:shield":1,"minecraft:stick":28,"minecraft:iron_ingot":12,"minecraft:iron_pickaxe":1,"minecraft:stone_pickaxe":1,"minecraft:wooden_axe":1,"minecraft:chest":4,"minecraft:white_bed":1,"minecraft:torch":60}},"DataVersion":3839}