{"stats":{"minecraft:killed":{"minecraft:sheep":1,"minecraft:skeleton":1},"minecraft:picked_up":{"minecraft:raw_iron":17,"minecraft:spruce_sapling":1,"minecraft:spruce_log":16,"minecraft:arrow":1,"minecraft:bone":2,"minecraft:mutton":2,"minecraft:coal":22,"minecraft:white_wool":1,"minecraft:cobblestone":26},"minecraft:mined":{"minecraft:iron_ore":17,"minecraft:spruce_log":16,"minecraft:coal_ore":22,"minecraft:cobblestone":2,"minecraft:spruce_leaves":1,"minecraft:stone":19},"minecraft:used":{"minecraft:stone_pickaxe":54,"minecraft:wooden_pickaxe":6,"minecraft:stone_axe":14,"minecraft:torch":30,"minecraft:cobblestone":9,"minecraft:crafting_table":1,"minecraft:furnace":1,"minecraft:spruce_log":2},"minecraft:custom":{"minecraft:time_since_rest":10217,"minecraft:interact_with_furnace":1,"minecraft:sprint_one_cm":27876,"minecraft:damage_taken":137,"minecraft:walk_one_cm":22859,"minecraft:mob_kills":2,"minecraft:damage_dealt":320,"minecraft:interact_with_crafting_table":4,"minecraft:fly_one_cm":22876,"minecraft:crouch_one_cm":428,"minecraft:play_time":10217,"minecraft:sneak_time":184,"minecraft:jump":206,"minecraft:leave_game":1,"minecraft:time_since_death":10217,"minecraft:total_world_time":10217,"minecraft:fall_one_cm":3236},"minecraft:crafted":{"minecraft:crafting_table":1,"minecraft:spruce_planks":56,"minecraft:stick":24,"minecraft:wooden_pickaxe":1,"minecraft:stone_pickaxe":1,"minecraft:wooden_axe":1,"minecraft:furnace":1,"minecraft:torch":60,"minecraft:stone_axe":1}},"DataVersion":3839}