{"stats":{"minecraft:custom":{"minecraft:time_since_rest":2929,"minecraft:interact_with_furnace":5,"minecraft:sprint_one_cm":131247,"minecraft:damage_taken":289,"minecraft:walk_one_cm":49045,"minecraft:mob_kills":8,"minecraft:damage_dealt":880,"minecraft:talked_to_villager":1,"minecraft:swim_one_cm":5779,"minecraft:interact_with_crafting_table":8,"minecraft:fly_one_cm":251545,"minecraft:open_chest":10,"minecraft:crouch_one_cm":2527,"minecraft:play_time":30874,"minecraft:sneak_time":543,"minecraft:walk_under_water_one_cm":1450,"minecraft:jump":1048,"minecraft:walk_on_water_one_cm":1212,"minecraft:leave_game":2,"minecraft:time_since_death":30874,"minecraft:sleep_in_bed":2,"minecraft:total_world_time":30874,"minecraft:fall_one_cm":26916},"minecraft:used":{"minecraft:cooked_mutton":2,"minecraft:wooden_axe":4,"minecraft:bread":6,"minecraft:stone_pickaxe":56,"minecraft:spruce_planks":23,"minecraft:wooden_pickaxe":6,"minecraft:stone_axe":23,"minecraft:torch":34,"minecraft:cobblestone":9,"minecraft:sweet_berries":7,"minecraft:crafting_table":2,"minecraft:furnace":1,"minecraft:white_bed":2,"minecraft:spruce_log":2},"minecraft:mined":{"minecraft:large_fern":1,"minecraft:white_bed":2,"minecraft:furnace":1,"minecraft:iron_ore":17,"minecraft:sweet_berry_bush":12,"minecraft:spruce_log":16,"minecraft:torch":2,"minecraft:crafting_table":2,"minecraft:short_grass":1,"minecraft:grass_block":1,"minecraft:coal_ore":22,"minecraft:cobblestone":3,"minecraft:spruce_leaves":4,"minecraft:stone":19,"minecraft:sugar_cane":3,"minecraft:wall_torch":2,"minecraft:fern":4},"minecraft:crafted":{"minecraft:iron_chestplate":1,"minecraft:shield":1,"minecraft:crafting_table":1,"minecraft:spruce_planks":56,"minecraft:stick":28,"minecraft:wooden_pickaxe":1,"minecraft:iron_ingot":12,"minecraft:iron_pickaxe":1,"minecraft:stone_pickaxe":1,"minecraft:wooden_axe":1,"minecraft:furnace":1,"minecraft:white_bed":1,"minecraft:torch":60,"minecraft:stone_axe":1,"minecraft:cooked_mutton":2},"minecraft:picked_up":{"minecraft:crafting_table":2,"minecraft:raw_iron":17,"minecraft:lilac":4,"minecraft:sweet_berries":28,"minecraft:torch":4,"minecraft:porkchop":5,"minecraft:spruce_sapling":1,"minecraft:white_bed":2,"minecraft:spruce_log":16,"minecraft:dirt":1,"minecraft:bone":2,"minecraft:arrow":1,"minecraft:sugar_cane":4,"minecraft:mutton":5,"minecraft:coal":27,"minecraft:white_wool":3,"minecraft:cobblestone":27,"minecraft:furnace":1},"minecraft:killed":{"minecraft:sheep":3,"minecraft:skeleton":1,"minecraft:pig":4}},"DataVersion":3839}