{"stats":{"minecraft:dropped":{"minecraft:bread":36,"minecraft:oak_slab":1,"minecraft:lilac":11,"minecraft:oak_fence":1,"minecraft:white_wool":1},"minecraft:used":{"minecraft:cooked_mutton":2,"minecraft:stone_pickaxe":63,"minecraft:stone_shovel":211,"minecraft:chest":4,"minecraft:spruce_planks":23,"minecraft:wooden_pickaxe":6,"minecraft:fletching_table":2,"minecraft:torch":34,"minecraft:dirt":97,"minecraft:crafting_table":3,"minecraft:blast_furnace":4,"minecraft:white_bed":12,"minecraft:spruce_log":2,"minecraft:wooden_axe":4,"minecraft:bread":17,"minecraft:stone_axe":78,"minecraft:cobblestone":9,"minecraft:sweet_berries":7,"minecraft:furnace":1,"minecraft:yellow_bed":1},"minecraft:killed":{"minecraft:pig":4,"minecraft:iron_golem":1,"minecraft:sheep":3,"minecraft:skeleton":1},"minecraft:custom":{"minecraft:interact_with_furnace":5,"minecraft:mob_kills":9,"minecraft:interact_with_crafting_table":15,"minecraft:bell_ring":126,"minecraft:leave_game":4,"minecraft:time_since_death":69052,"minecraft:sleep_in_bed":5,"minecraft:time_since_rest":3636,"minecraft:sprint_one_cm":251777,"minecraft:damage_taken":479,"minecraft:walk_one_cm":127170,"minecraft:drop":45,"minecraft:damage_dealt":1736,"minecraft:swim_one_cm":23497,"minecraft:talked_to_villager":10,"minecraft:fly_one_cm":514382,"minecraft:open_chest":19,"minecraft:crouch_one_cm":10200,"minecraft:play_time":69052,"minecraft:sneak_time":2028,"minecraft:walk_under_water_one_cm":2328,"minecraft:jump":2168,"minecraft:walk_on_water_one_cm":2341,"minecraft:total_world_time":69052,"minecraft:fall_one_cm":59893},"minecraft:broken":{"minecraft:stone_shovel":1},"minecraft:mined":{"minecraft:oak_slab":12,"minecraft:white_bed":13,"minecraft:oak_fence":24,"minecraft:crafting_table":2,"minecraft:torch":2,"minecraft:short_grass":12,"minecraft:blast_furnace":4,"minecraft:grass_block":40,"minecraft:cobblestone":3,"minecraft:spruce_leaves":10,"minecraft:sugar_cane":3,"minecraft:oak_planks":8,"minecraft:wall_torch":2,"minecraft:large_fern":1,"minecraft:hay_block":23,"minecraft:furnace":1,"minecraft:yellow_wool":7,"minecraft:iron_ore":18,"minecraft:fire":8,"minecraft:sweet_berry_bush":15,"minecraft:spruce_log":16,"minecraft:yellow_bed":1,"minecraft:coal_ore":22,"minecraft:dirt_path":45,"minecraft:dirt":141,"minecraft:stone":19,"minecraft:white_wool":7,"minecraft:fern":4},"minecraft:picked_up":{"minecraft:crafting_table":2,"minecraft:lilac":14,"minecraft:yellow_wool":7,"minecraft:yellow_bed":1,"minecraft:dirt":226,"minecraft:bone":2,"minecraft:wheat_seeds":2,"minecraft:iron_ingot":3,"minecraft:sugar_cane":4,"minecraft:oak_planks":8,"minecraft:furnace":1,"minecraft:oak_slab":12,"minecraft:raw_iron":18,"minecraft:sweet_berries":36,"minecraft:oak_fence":25,"minecraft:torch":8,"minecraft:porkchop":5,"minecraft:spruce_sapling":2,"minecraft:blast_furnace":4,"minecraft:white_bed":13,"minecraft:spruce_log":16,"minecraft:arrow":1,"minecraft:hay_block":23,"minecraft:mutton":5,"minecraft:coal":27,"minecraft:white_wool":11,"minecraft:cobblestone":27},"minecraft:crafted":{"minecraft:stone_shovel":3,"minecraft:crafting_table":1,"minecraft:spruce_planks":108,"minecraft:wooden_pickaxe":1,"minecraft:furnace":1,"minecraft:fletching_table":2,"minecraft:stone_axe":1,"minecraft:bread":69,"minecraft:cooked_mutton":2,"minecraft:iron_chestplate":1,"minecraft:shield":1,"minecraft:stick":28,"minecraft:iron_ingot":12,"minecraft:iron_pickaxe":1,"minecraft:stone_pickaxe":1,"minecraft:wooden_axe":1,"minecraft:chest":4,"minecraft:white_bed":1,"minecraft:torch":60,"minecraft:wheat":207}},"DataVersion":3839}