{"stats":{"minecraft:broken":{"minecraft:iron_axe":1,"minecraft:stone_axe":1,"minecraft:stone_shovel":1},"minecraft:killed":{"minecraft:pig":4,"minecraft:iron_golem":2,"minecraft:sheep":3,"minecraft:skeleton":1},"minecraft:mined":{"minecraft:oak_slab":12,"minecraft:white_bed":16,"minecraft:oak_fence":24,"minecraft:crafting_table":2,"minecraft:torch":2,"minecraft:short_grass":19,"minecraft:blast_furnace":5,"minecraft:grass_block":57,"minecraft:cobblestone":3,"minecraft:spruce_leaves":10,"minecraft:oak_planks":14,"minecraft:sugar_cane":3,"minecraft:wall_torch":2,"minecraft:hay_block":23,"minecraft:large_fern":1,"minecraft:furnace":1,"minecraft:yellow_wool":7,"minecraft:birch_log":42,"minecraft:iron_ore":18,"minecraft:fire":8,"minecraft:sweet_berry_bush":15,"minecraft:spruce_log":16,"minecraft:birch_leaves":3,"minecraft:fletching_table":2,"minecraft:yellow_bed":1,"minecraft:oak_log":197,"minecraft:coal_ore":22,"minecraft:dirt_path":60,"minecraft:gravel":7,"minecraft:dirt":188,"minecraft:stone":34,"minecraft:white_wool":7,"minecraft:oak_leaves":22,"minecraft:fern":4},"minecraft:dropped":{"minecraft:bread":36,"minecraft:oak_slab":1,"minecraft:wheat_seeds":2,"minecraft:lilac":14,"minecraft:yellow_wool":2,"minecraft:stone_shovel":1,"minecraft:oak_fence":1,"minecraft:iron_boots":10,"minecraft:stick":5,"minecraft:poppy":1,"minecraft:white_wool":1},"minecraft:custom":{"minecraft:interact_with_furnace":5,"minecraft:mob_kills":10,"minecraft:traded_with_villager":58,"minecraft:interact_with_crafting_table":19,"minecraft:bell_ring":126,"minecraft:leave_game":6,"minecraft:time_since_death":104883,"minecraft:sleep_in_bed":8,"minecraft:time_since_rest":8180,"minecraft:sprint_one_cm":312931,"minecraft:damage_taken":479,"minecraft:walk_one_cm":211481,"minecraft:drop":69,"minecraft:damage_dealt":2746,"minecraft:swim_one_cm":23497,"minecraft:talked_to_villager":35,"minecraft:fly_one_cm":616255,"minecraft:open_chest":21,"minecraft:crouch_one_cm":11633,"minecraft:play_time":104883,"minecraft:sneak_time":2558,"minecraft:walk_under_water_one_cm":2328,"minecraft:jump":2706,"minecraft:walk_on_water_one_cm":2341,"minecraft:total_world_time":104883,"minecraft:fall_one_cm":75960},"minecraft:used":{"minecraft:cooked_mutton":2,"minecraft:stone_pickaxe":79,"minecraft:stone_shovel":296,"minecraft:oak_planks":6,"minecraft:chest":4,"minecraft:spruce_planks":23,"minecraft:wooden_pickaxe":6,"minecraft:fletching_table":5,"minecraft:torch":34,"minecraft:dirt":101,"minecraft:crafting_table":4,"minecraft:blast_furnace":5,"minecraft:white_bed":16,"minecraft:spruce_log":2,"minecraft:oak_log":3,"minecraft:wooden_axe":4,"minecraft:iron_axe":260,"minecraft:bread":20,"minecraft:yellow_wool":2,"minecraft:stone_axe":104,"minecraft:cobblestone":9,"minecraft:sweet_berries":7,"minecraft:furnace":1,"minecraft:yellow_bed":1,"minecraft:experience_bottle":1},"minecraft:picked_up":{"minecraft:birch_log":42,"minecraft:crafting_table":2,"minecraft:lilac":14,"minecraft:yellow_wool":7,"minecraft:oak_log":196,"minecraft:yellow_bed":1,"minecraft:dirt":295,"minecraft:bone":2,"minecraft:apple":7,"minecraft:wheat_seeds":3,"minecraft:iron_ingot":7,"minecraft:poppy":1,"minecraft:fletching_table":2,"minecraft:sugar_cane":4,"minecraft:birch_sapling":2,"minecraft:oak_planks":10,"minecraft:furnace":1,"minecraft:raw_iron":18,"minecraft:oak_slab":12,"minecraft:stick":29,"minecraft:sweet_berries":36,"minecraft:oak_fence":25,"minecraft:torch":8,"minecraft:gravel":7,"minecraft:porkchop":5,"minecraft:spruce_sapling":2,"minecraft:blast_furnace":5,"minecraft:white_bed":16,"minecraft:spruce_log":16,"minecraft:arrow":1,"minecraft:stone_shovel":1,"minecraft:hay_block":23,"minecraft:oak_sapling":24,"minecraft:mutton":5,"minecraft:coal":27,"minecraft:white_wool":11,"minecraft:cobblestone":42},"minecraft:crafted":{"minecraft:oak_planks":772,"minecraft:stone_shovel":3,"minecraft:emerald":48,"minecraft:crafting_table":2,"minecraft:spruce_planks":108,"minecraft:wooden_pickaxe":1,"minecraft:furnace":1,"minecraft:fletching_table":3,"minecraft:birch_planks":168,"minecraft:stone_axe":1,"minecraft:cooked_mutton":2,"minecraft:bread":69,"minecraft:air":0,"minecraft:iron_boots":10,"minecraft:iron_chestplate":1,"minecraft:shield":1,"minecraft:iron_axe":2,"minecraft:stick":1916,"minecraft:iron_ingot":12,"minecraft:iron_pickaxe":1,"minecraft:stone_pickaxe":1,"minecraft:wooden_axe":1,"minecraft:chest":4,"minecraft:white_bed":2,"minecraft:torch":60,"minecraft:wheat":207}},"DataVersion":3839}